Air Pollutant Index Api,Selected Stations,Year,Value
Max.,"Cheras, Kuala Lumpur",2000,141
Max.,"Cheras, Kuala Lumpur",2001,157
Max.,"Cheras, Kuala Lumpur",2002,153
Max.,"Cheras, Kuala Lumpur",2003,143
Max.,"Cheras, Kuala Lumpur",2004,97
Max.,"Cheras, Kuala Lumpur",2005,390
Max.,"Cheras, Kuala Lumpur",2006,162
Max.,"Cheras, Kuala Lumpur",2007,131
Max.,"Cheras, Kuala Lumpur",2008,135
Max.,"Cheras, Kuala Lumpur",2009,168
Max.,"Cheras, Kuala Lumpur",2010,169
Max.,"Cheras, Kuala Lumpur",2011,150
Max.,"Cheras, Kuala Lumpur",2012,155
Max.,"Cheras, Kuala Lumpur",2013,186
Max.,"Cheras, Kuala Lumpur",2014,170
Max.,"Cheras, Kuala Lumpur",2015,185
Max.,"Cheras, Kuala Lumpur",2016,151
Max.,"Cheras, Kuala Lumpur",2017,181
Max.,"Cheras, Kuala Lumpur",2018,142
Max.,"Cheras, Kuala Lumpur",2019,189
Max.,"Larkin, Johor Bahru",2000,119
Max.,"Larkin, Johor Bahru",2001,119
Max.,"Larkin, Johor Bahru",2002,116
Max.,"Larkin, Johor Bahru",2003,112
Max.,"Larkin, Johor Bahru",2004,126
Max.,"Larkin, Johor Bahru",2005,111
Max.,"Larkin, Johor Bahru",2006,143
Max.,"Larkin, Johor Bahru",2007,141
Max.,"Larkin, Johor Bahru",2008,101
Max.,"Larkin, Johor Bahru",2009,99
Max.,"Larkin, Johor Bahru",2010,111
Max.,"Larkin, Johor Bahru",2011,84
Max.,"Larkin, Johor Bahru",2012,137
Max.,"Larkin, Johor Bahru",2013,226
Max.,"Larkin, Johor Bahru",2014,198
Max.,"Larkin, Johor Bahru",2015,192
Max.,"Larkin, Johor Bahru",2016,109
Max.,"Larkin, Johor Bahru",2017,77
Max.,"Larkin, Johor Bahru",2018,87
Max.,"Larkin, Johor Bahru",2019,171
Max.,"Bandaraya Melaka, Melaka",2000,122
Max.,"Bandaraya Melaka, Melaka",2001,127
Max.,"Bandaraya Melaka, Melaka",2002,105
Max.,"Bandaraya Melaka, Melaka",2003,114
Max.,"Bandaraya Melaka, Melaka",2004,147
Max.,"Bandaraya Melaka, Melaka",2005,114
Max.,"Bandaraya Melaka, Melaka",2006,153
Max.,"Bandaraya Melaka, Melaka",2007,92
Max.,"Bandaraya Melaka, Melaka",2008,80
Max.,"Bandaraya Melaka, Melaka",2009,137
Max.,"Bandaraya Melaka, Melaka",2010,139
Max.,"Bandaraya Melaka, Melaka",2011,97
Max.,"Bandaraya Melaka, Melaka",2012,83
Max.,"Bandaraya Melaka, Melaka",2013,415
Max.,"Bandaraya Melaka, Melaka",2014,128
Max.,"Bandaraya Melaka, Melaka",2015,176
Max.,"Bandaraya Melaka, Melaka",2016,87
Max.,"Bandaraya Melaka, Melaka",2017,122
Max.,"Bandaraya Melaka, Melaka",2018,140
Max.,"Bandaraya Melaka, Melaka",2019,224
Max.,"Seberang Jaya, Pulau Pinang",2000,127
Max.,"Seberang Jaya, Pulau Pinang",2001,140
Max.,"Seberang Jaya, Pulau Pinang",2002,115
Max.,"Seberang Jaya, Pulau Pinang",2003,106
Max.,"Seberang Jaya, Pulau Pinang",2004,121
Max.,"Seberang Jaya, Pulau Pinang",2005,151
Max.,"Seberang Jaya, Pulau Pinang",2006,121
Max.,"Seberang Jaya, Pulau Pinang",2007,101
Max.,"Seberang Jaya, Pulau Pinang",2008,99
Max.,"Seberang Jaya, Pulau Pinang",2009,106
Max.,"Seberang Jaya, Pulau Pinang",2010,93
Max.,"Seberang Jaya, Pulau Pinang",2011,98
Max.,"Seberang Jaya, Pulau Pinang",2012,105
Max.,"Seberang Jaya, Pulau Pinang",2013,132
Max.,"Seberang Jaya, Pulau Pinang",2014,119
Max.,"Seberang Jaya, Pulau Pinang",2015,287
Max.,"Seberang Jaya, Pulau Pinang",2016,87
Max.,"Seberang Jaya, Pulau Pinang",2017,230
Max.,"Seberang Jaya, Pulau Pinang",2018,124
Max.,"Seberang Jaya, Pulau Pinang",2019,191
Max.,"Kuching, Sarawak",2000,84
Max.,"Kuching, Sarawak",2001,84
Max.,"Kuching, Sarawak",2002,130
Max.,"Kuching, Sarawak",2003,85
Max.,"Kuching, Sarawak",2004,97
Max.,"Kuching, Sarawak",2005,78
Max.,"Kuching, Sarawak",2006,188
Max.,"Kuching, Sarawak",2007,75
Max.,"Kuching, Sarawak",2008,72
Max.,"Kuching, Sarawak",2009,114
Max.,"Kuching, Sarawak",2010,54
Max.,"Kuching, Sarawak",2011,100
Max.,"Kuching, Sarawak",2012,93
Max.,"Kuching, Sarawak",2013,89
Max.,"Kuching, Sarawak",2014,123
Max.,"Kuching, Sarawak",2015,209
Max.,"Kuching, Sarawak",2016,71
Max.,"Kuching, Sarawak",2017,60
Max.,"Kuching, Sarawak",2018,109
Max.,"Kuching, Sarawak",2019,273
Max.,"Kota Kinabalu, Sabah ",2000,70
Max.,"Kota Kinabalu, Sabah ",2001,80
Max.,"Kota Kinabalu, Sabah ",2002,88
Max.,"Kota Kinabalu, Sabah ",2003,76
Max.,"Kota Kinabalu, Sabah ",2004,62
Max.,"Kota Kinabalu, Sabah ",2005,63
Max.,"Kota Kinabalu, Sabah ",2006,86
Max.,"Kota Kinabalu, Sabah ",2007,64
Max.,"Kota Kinabalu, Sabah ",2008,55
Max.,"Kota Kinabalu, Sabah ",2009,78
Max.,"Kota Kinabalu, Sabah ",2010,68
Max.,"Kota Kinabalu, Sabah ",2011,61
Max.,"Kota Kinabalu, Sabah ",2012,61
Max.,"Kota Kinabalu, Sabah ",2013,90
Max.,"Kota Kinabalu, Sabah ",2014,59
Max.,"Kota Kinabalu, Sabah ",2015,75
Max.,"Kota Kinabalu, Sabah ",2016,73
Max.,"Kota Kinabalu, Sabah ",2017,136
Max.,"Kota Kinabalu, Sabah ",2018,90
Max.,"Kota Kinabalu, Sabah ",2019,252
Max.,"Miri, Sarawak",2000,79
Max.,"Miri, Sarawak",2001,84
Max.,"Miri, Sarawak",2002,126
Max.,"Miri, Sarawak",2003,86
Max.,"Miri, Sarawak",2004,77
Max.,"Miri, Sarawak",2005,133
Max.,"Miri, Sarawak",2006,104
Max.,"Miri, Sarawak",2007,73
Max.,"Miri, Sarawak",2008,76
Max.,"Miri, Sarawak",2009,179
Max.,"Miri, Sarawak",2010,89
Max.,"Miri, Sarawak",2011,96
Max.,"Miri, Sarawak",2012,97
Max.,"Miri, Sarawak",2013,93
Max.,"Miri, Sarawak",2014,84
Max.,"Miri, Sarawak",2015,99
Max.,"Miri, Sarawak",2016,149
Max.,"Miri, Sarawak",2017,82
Max.,"Miri, Sarawak",2018,83
Max.,"Miri, Sarawak",2019,188
Min.,"Cheras, Kuala Lumpur",2000,13
Min.,"Cheras, Kuala Lumpur",2001,16
Min.,"Cheras, Kuala Lumpur",2002,11
Min.,"Cheras, Kuala Lumpur",2003,11
Min.,"Cheras, Kuala Lumpur",2004,32
Min.,"Cheras, Kuala Lumpur",2005,5
Min.,"Cheras, Kuala Lumpur",2006,5
Min.,"Cheras, Kuala Lumpur",2007,4
Min.,"Cheras, Kuala Lumpur",2008,8
Min.,"Cheras, Kuala Lumpur",2009,4
Min.,"Cheras, Kuala Lumpur",2010,26
Min.,"Cheras, Kuala Lumpur",2011,11
Min.,"Cheras, Kuala Lumpur",2012,4
Min.,"Cheras, Kuala Lumpur",2013,22
Min.,"Cheras, Kuala Lumpur",2014,3
Min.,"Cheras, Kuala Lumpur",2015,9
Min.,"Cheras, Kuala Lumpur",2016,7
Min.,"Cheras, Kuala Lumpur",2017,0
Min.,"Cheras, Kuala Lumpur",2018,4
Min.,"Cheras, Kuala Lumpur",2019,31
Min.,"Larkin, Johor Bahru",2000,7
Min.,"Larkin, Johor Bahru",2001,10
Min.,"Larkin, Johor Bahru",2002,4
Min.,"Larkin, Johor Bahru",2003,2
Min.,"Larkin, Johor Bahru",2004,8
Min.,"Larkin, Johor Bahru",2005,1
Min.,"Larkin, Johor Bahru",2006,5
Min.,"Larkin, Johor Bahru",2007,0
Min.,"Larkin, Johor Bahru",2008,5
Min.,"Larkin, Johor Bahru",2009,2
Min.,"Larkin, Johor Bahru",2010,15
Min.,"Larkin, Johor Bahru",2011,3
Min.,"Larkin, Johor Bahru",2012,2
Min.,"Larkin, Johor Bahru",2013,17
Min.,"Larkin, Johor Bahru",2014,10
Min.,"Larkin, Johor Bahru",2015,28
Min.,"Larkin, Johor Bahru",2016,5
Min.,"Larkin, Johor Bahru",2017,12
Min.,"Larkin, Johor Bahru",2018,20
Min.,"Larkin, Johor Bahru",2019,26
Min.,"Bandaraya Melaka, Melaka",2000,4
Min.,"Bandaraya Melaka, Melaka",2001,3
Min.,"Bandaraya Melaka, Melaka",2002,5
Min.,"Bandaraya Melaka, Melaka",2003,6
Min.,"Bandaraya Melaka, Melaka",2004,5
Min.,"Bandaraya Melaka, Melaka",2005,2
Min.,"Bandaraya Melaka, Melaka",2006,5
Min.,"Bandaraya Melaka, Melaka",2007,4
Min.,"Bandaraya Melaka, Melaka",2008,3
Min.,"Bandaraya Melaka, Melaka",2009,4
Min.,"Bandaraya Melaka, Melaka",2010,22
Min.,"Bandaraya Melaka, Melaka",2011,12
Min.,"Bandaraya Melaka, Melaka",2012,3
Min.,"Bandaraya Melaka, Melaka",2013,16
Min.,"Bandaraya Melaka, Melaka",2014,5
Min.,"Bandaraya Melaka, Melaka",2015,6
Min.,"Bandaraya Melaka, Melaka",2016,5
Min.,"Bandaraya Melaka, Melaka",2017,0
Min.,"Bandaraya Melaka, Melaka",2018,21
Min.,"Bandaraya Melaka, Melaka",2019,19
Min.,"Seberang Jaya, Pulau Pinang",2000,4
Min.,"Seberang Jaya, Pulau Pinang",2001,8
Min.,"Seberang Jaya, Pulau Pinang",2002,4
Min.,"Seberang Jaya, Pulau Pinang",2003,11
Min.,"Seberang Jaya, Pulau Pinang",2004,8
Min.,"Seberang Jaya, Pulau Pinang",2005,10
Min.,"Seberang Jaya, Pulau Pinang",2006,6
Min.,"Seberang Jaya, Pulau Pinang",2007,8
Min.,"Seberang Jaya, Pulau Pinang",2008,6
Min.,"Seberang Jaya, Pulau Pinang",2009,5
Min.,"Seberang Jaya, Pulau Pinang",2010,28
Min.,"Seberang Jaya, Pulau Pinang",2011,6
Min.,"Seberang Jaya, Pulau Pinang",2012,6
Min.,"Seberang Jaya, Pulau Pinang",2013,27
Min.,"Seberang Jaya, Pulau Pinang",2014,14
Min.,"Seberang Jaya, Pulau Pinang",2015,9
Min.,"Seberang Jaya, Pulau Pinang",2016,7
Min.,"Seberang Jaya, Pulau Pinang",2017,10
Min.,"Seberang Jaya, Pulau Pinang",2018,28
Min.,"Seberang Jaya, Pulau Pinang",2019,28
Min.,"Kuching, Sarawak",2000,1
Min.,"Kuching, Sarawak",2001,1
Min.,"Kuching, Sarawak",2002,1
Min.,"Kuching, Sarawak",2003,6
Min.,"Kuching, Sarawak",2004,17
Min.,"Kuching, Sarawak",2005,23
Min.,"Kuching, Sarawak",2006,5
Min.,"Kuching, Sarawak",2007,6
Min.,"Kuching, Sarawak",2008,5
Min.,"Kuching, Sarawak",2009,10
Min.,"Kuching, Sarawak",2010,16
Min.,"Kuching, Sarawak",2011,4
Min.,"Kuching, Sarawak",2012,16
Min.,"Kuching, Sarawak",2013,17
Min.,"Kuching, Sarawak",2014,11
Min.,"Kuching, Sarawak",2015,5
Min.,"Kuching, Sarawak",2016,6
Min.,"Kuching, Sarawak",2017,8
Min.,"Kuching, Sarawak",2018,9
Min.,"Kuching, Sarawak",2019,17
Min.,"Kota Kinabalu, Sabah ",2000,1
Min.,"Kota Kinabalu, Sabah ",2001,1
Min.,"Kota Kinabalu, Sabah ",2002,8
Min.,"Kota Kinabalu, Sabah ",2003,2
Min.,"Kota Kinabalu, Sabah ",2004,1
Min.,"Kota Kinabalu, Sabah ",2005,2
Min.,"Kota Kinabalu, Sabah ",2006,2
Min.,"Kota Kinabalu, Sabah ",2007,3
Min.,"Kota Kinabalu, Sabah ",2008,1
Min.,"Kota Kinabalu, Sabah ",2009,1
Min.,"Kota Kinabalu, Sabah ",2010,10
Min.,"Kota Kinabalu, Sabah ",2011,2
Min.,"Kota Kinabalu, Sabah ",2012,1
Min.,"Kota Kinabalu, Sabah ",2013,8
Min.,"Kota Kinabalu, Sabah ",2014,3
Min.,"Kota Kinabalu, Sabah ",2015,5
Min.,"Kota Kinabalu, Sabah ",2016,3
Min.,"Kota Kinabalu, Sabah ",2017,0
Min.,"Kota Kinabalu, Sabah ",2018,9
Min.,"Kota Kinabalu, Sabah ",2019,10
Min.,"Miri, Sarawak",2000,3
Min.,"Miri, Sarawak",2001,2
Min.,"Miri, Sarawak",2002,5
Min.,"Miri, Sarawak",2003,3
Min.,"Miri, Sarawak",2004,2
Min.,"Miri, Sarawak",2005,2
Min.,"Miri, Sarawak",2006,1
Min.,"Miri, Sarawak",2007,6
Min.,"Miri, Sarawak",2008,6
Min.,"Miri, Sarawak",2009,6
Min.,"Miri, Sarawak",2010,17
Min.,"Miri, Sarawak",2011,4
Min.,"Miri, Sarawak",2012,5
Min.,"Miri, Sarawak",2013,18
Min.,"Miri, Sarawak",2014,2
Min.,"Miri, Sarawak",2015,4
Min.,"Miri, Sarawak",2016,3
Min.,"Miri, Sarawak",2017,8
Min.,"Miri, Sarawak",2018,7
Min.,"Miri, Sarawak",2019,19
